"","name"
"Contents","6805.230201070825.wav"
"Contents1","6805.230201073825.wav"
"Contents2","6805.230201080825.wav"
"Contents3","6805.230201083825.wav"
"Contents4","6805.230201090825.wav"
"Contents5","6805.230201093825.wav"
"Contents6","6805.230201100825.wav"
"Contents7","6805.230201103825.wav"
"Contents8","6805.230201110825.wav"
"Contents9","6805.230201113825.wav"
"Contents10","6805.230201120825.wav"
"Contents11","6805.230201123825.wav"
"Contents12","6805.230201130825.wav"
"Contents13","6805.230201133825.wav"
"Contents14","6805.230201140825.wav"
"Contents15","6805.230201143825.wav"
"Contents16","6805.230201150825.wav"
"Contents17","6805.230201153825.wav"
"Contents18","6805.230201160825.wav"
"Contents19","6805.230201163825.wav"
"Contents20","6805.230201170825.wav"
"Contents21","6805.230201173825.wav"
"Contents22","6805.230201180825.wav"
"Contents23","6805.230201183825.wav"
"Contents24","6805.230201190825.wav"
"Contents25","6805.230201193825.wav"
"Contents26","6805.230201200825.wav"
"Contents27","6805.230201203825.wav"
"Contents28","6805.230201210825.wav"
"Contents29","6805.230201213825.wav"
"Contents30","6805.230201220825.wav"
"Contents31","6805.230201223825.wav"
"Contents32","6805.230201230825.wav"
"Contents33","6805.230201233825.wav"
"Contents34","6805.230202000825.wav"
"Contents35","6805.230202003825.wav"
"Contents36","6805.230202010825.wav"
"Contents37","6805.230202013825.wav"
"Contents38","6805.230202020825.wav"
"Contents39","6805.230202023825.wav"
"Contents40","6805.230202030825.wav"
"Contents41","6805.230202033825.wav"
"Contents42","6805.230202040825.wav"
"Contents43","6805.230202043825.wav"
"Contents44","6805.230202050825.wav"
"Contents45","6805.230202053825.wav"
"Contents46","6805.230202060825.wav"
"Contents47","6805.230202063825.wav"
"Contents48","6805.230202070825.wav"
"Contents49","6805.230202073825.wav"
"Contents50","6805.230202080825.wav"
"Contents51","6805.230202083825.wav"
"Contents52","6805.230202090825.wav"
"Contents53","6805.230202093825.wav"
"Contents54","6805.230202100825.wav"
"Contents55","6805.230202103825.wav"
"Contents56","6805.230202110825.wav"
"Contents57","6805.230202113825.wav"
"Contents58","6805.230202120825.wav"
"Contents59","6805.230202123825.wav"
"Contents60","6805.230202130825.wav"
"Contents61","6805.230202133825.wav"
"Contents62","6805.230202140825.wav"
"Contents63","6805.230202143825.wav"
"Contents64","6805.230202150825.wav"
"Contents65","6805.230202153825.wav"
"Contents66","6805.230202160825.wav"
"Contents67","6805.230202163825.wav"
"Contents68","6805.230202170825.wav"
"Contents69","6805.230202173825.wav"
"Contents70","6805.230202180825.wav"
"Contents71","6805.230202183825.wav"
"Contents72","6805.230202190825.wav"
"Contents73","6805.230202193825.wav"
"Contents74","6805.230202200825.wav"
"Contents75","6805.230202203825.wav"
"Contents76","6805.230202210825.wav"
"Contents77","6805.230202213825.wav"
"Contents78","6805.230202220825.wav"
"Contents79","6805.230202223825.wav"
"Contents80","6805.230202230825.wav"
"Contents81","6805.230202233825.wav"
"Contents82","6805.230203000825.wav"
"Contents83","6805.230203003825.wav"
"Contents84","6805.230203010825.wav"
"Contents85","6805.230203013825.wav"
"Contents86","6805.230203020825.wav"
"Contents87","6805.230203023825.wav"
"Contents88","6805.230203030826.wav"
"Contents89","6805.230203033826.wav"
"Contents90","6805.230203040826.wav"
"Contents91","6805.230203043826.wav"
"Contents92","6805.230203050826.wav"
"Contents93","6805.230203053826.wav"
"Contents94","6805.230203060826.wav"
"Contents95","6805.230203063826.wav"
"Contents96","6805.230203070826.wav"
"Contents97","6805.230203073826.wav"
"Contents98","6805.230203080826.wav"
"Contents99","6805.230203083826.wav"
"Contents100","6805.230203090826.wav"
"Contents101","6805.230203093826.wav"
"Contents102","6805.230203100826.wav"
"Contents103","6805.230203103826.wav"
"Contents104","6805.230203110826.wav"
"Contents105","6805.230203113826.wav"
"Contents106","6805.230203120826.wav"
"Contents107","6805.230203123826.wav"
"Contents108","6805.230203130826.wav"
"Contents109","6805.230203133826.wav"
"Contents110","6805.230203140826.wav"
"Contents111","6805.230203143826.wav"
"Contents112","6805.230203150826.wav"
"Contents113","6805.230203153826.wav"
"Contents114","6805.230203160826.wav"
"Contents115","6805.230203163826.wav"
"Contents116","6805.230203170826.wav"
"Contents117","6805.230203173826.wav"
"Contents118","6805.230203180826.wav"
"Contents119","6805.230203183826.wav"
"Contents120","6805.230203190826.wav"
"Contents121","6805.230203193826.wav"
"Contents122","6805.230203200826.wav"
"Contents123","6805.230203203826.wav"
"Contents124","6805.230203210826.wav"
"Contents125","6805.230203213826.wav"
"Contents126","6805.230203220826.wav"
"Contents127","6805.230203223826.wav"
"Contents128","6805.230203230826.wav"
"Contents129","6805.230203233826.wav"
"Contents130","6805.230204000826.wav"
"Contents131","6805.230204003826.wav"
"Contents132","6805.230204010826.wav"
"Contents133","6805.230204013826.wav"
"Contents134","6805.230204020826.wav"
"Contents135","6805.230204023826.wav"
"Contents136","6805.230204030826.wav"
"Contents137","6805.230204033826.wav"
"Contents138","6805.230204040826.wav"
"Contents139","6805.230204043826.wav"
"Contents140","6805.230204050826.wav"
"Contents141","6805.230204053826.wav"
"Contents142","6805.230204060826.wav"
"Contents143","6805.230204063826.wav"
"Contents144","6805.230204070826.wav"
"Contents145","6805.230204073826.wav"
"Contents146","6805.230204080826.wav"
"Contents147","6805.230204083826.wav"
"Contents148","6805.230204090826.wav"
"Contents149","6805.230204093826.wav"
"Contents150","6805.230204100826.wav"
"Contents151","6805.230204103826.wav"
"Contents152","6805.230204110826.wav"
"Contents153","6805.230204113826.wav"
"Contents154","6805.230204120826.wav"
"Contents155","6805.230204123826.wav"
"Contents156","6805.230204130826.wav"
"Contents157","6805.230204133826.wav"
"Contents158","6805.230204140826.wav"
"Contents159","6805.230204143826.wav"
"Contents160","6805.230204150826.wav"
"Contents161","6805.230204153826.wav"
"Contents162","6805.230204160826.wav"
"Contents163","6805.230204163826.wav"
"Contents164","6805.230204170826.wav"
"Contents165","6805.230204173826.wav"
"Contents166","6805.230204180826.wav"
"Contents167","6805.230204183826.wav"
"Contents168","6805.230204190826.wav"
"Contents169","6805.230204193826.wav"
"Contents170","6805.230204200826.wav"
"Contents171","6805.230204203826.wav"
"Contents172","6805.230204210826.wav"
"Contents173","6805.230204213826.wav"
"Contents174","6805.230204220826.wav"
"Contents175","6805.230204223826.wav"
"Contents176","6805.230204230826.wav"
"Contents177","6805.230204233826.wav"
"Contents178","6805.230205000826.wav"
"Contents179","6805.230205003826.wav"
"Contents180","6805.230205010826.wav"
"Contents181","6805.230205013826.wav"
"Contents182","6805.230205020826.wav"
"Contents183","6805.230205023826.wav"
"Contents184","6805.230205030826.wav"
"Contents185","6805.230205033826.wav"
"Contents186","6805.230205040826.wav"
"Contents187","6805.230205043826.wav"
"Contents188","6805.230205050826.wav"
"Contents189","6805.230205053826.wav"
"Contents190","6805.230205060826.wav"
"Contents191","6805.230205063826.wav"
"Contents192","6805.230205070826.wav"
"Contents193","6805.230205073826.wav"
"Contents194","6805.230205080826.wav"
"Contents195","6805.230205083826.wav"
"Contents196","6805.230205090826.wav"
"Contents197","6805.230205093826.wav"
"Contents198","6805.230205100826.wav"
"Contents199","6805.230205103826.wav"
"Contents200","6805.230205110826.wav"
"Contents201","6805.230205113826.wav"
"Contents202","6805.230205120826.wav"
"Contents203","6805.230205123826.wav"
"Contents204","6805.230205130826.wav"
"Contents205","6805.230205133826.wav"
"Contents206","6805.230205140826.wav"
"Contents207","6805.230205143826.wav"
"Contents208","6805.230205150826.wav"
"Contents209","6805.230205153826.wav"
"Contents210","6805.230205160826.wav"
"Contents211","6805.230205163826.wav"
"Contents212","6805.230205170826.wav"
"Contents213","6805.230205173826.wav"
"Contents214","6805.230205180826.wav"
"Contents215","6805.230205183826.wav"
"Contents216","6805.230205190826.wav"
"Contents217","6805.230205193826.wav"
"Contents218","6805.230205200826.wav"
"Contents219","6805.230205203826.wav"
"Contents220","6805.230205210826.wav"
"Contents221","6805.230205213826.wav"
"Contents222","6805.230205220826.wav"
"Contents223","6805.230205223826.wav"
"Contents224","6805.230205230826.wav"
"Contents225","6805.230205233826.wav"
"Contents226","6805.230206000826.wav"
"Contents227","6805.230206003826.wav"
"Contents228","6805.230206010826.wav"
"Contents229","6805.230206013826.wav"
"Contents230","6805.230206020826.wav"
"Contents231","6805.230206023826.wav"
"Contents232","6805.230206030826.wav"
"Contents233","6805.230206033826.wav"
"Contents234","6805.230206040826.wav"
"Contents235","6805.230206043826.wav"
"Contents236","6805.230206050826.wav"
"Contents237","6805.230206053827.wav"
"Contents238","6805.230206060827.wav"
"Contents239","6805.230206063827.wav"
"Contents240","6805.230206070827.wav"
"Contents241","6805.230206073827.wav"
"Contents242","6805.230206080827.wav"
"Contents243","6805.230206083827.wav"
"Contents244","6805.230206090827.wav"
"Contents245","6805.230206093827.wav"
"Contents246","6805.230206100827.wav"
"Contents247","6805.230206103827.wav"
"Contents248","6805.230206110827.wav"
"Contents249","6805.230206113827.wav"
"Contents250","6805.230206120827.wav"
"Contents251","6805.230206123827.wav"
"Contents252","6805.230206130827.wav"
"Contents253","6805.230206133827.wav"
"Contents254","6805.230206140827.wav"
"Contents255","6805.230206143827.wav"
"Contents256","6805.230206150827.wav"
"Contents257","6805.230206153827.wav"
"Contents258","6805.230206160827.wav"
"Contents259","6805.230206163827.wav"
"Contents260","6805.230206170827.wav"
"Contents261","6805.230206173827.wav"
"Contents262","6805.230206180827.wav"
"Contents263","6805.230206183827.wav"
"Contents264","6805.230206190827.wav"
"Contents265","6805.230206193827.wav"
"Contents266","6805.230206200827.wav"
"Contents267","6805.230206203827.wav"
"Contents268","6805.230206210827.wav"
"Contents269","6805.230206213827.wav"
"Contents270","6805.230206220827.wav"
"Contents271","6805.230206223827.wav"
"Contents272","6805.230206230827.wav"
"Contents273","6805.230206233827.wav"
"Contents274","6805.230207000827.wav"
"Contents275","6805.230207003827.wav"
"Contents276","6805.230207010827.wav"
"Contents277","6805.230207013827.wav"
"Contents278","6805.230207020827.wav"
"Contents279","6805.230207023827.wav"
"Contents280","6805.230207030827.wav"
"Contents281","6805.230207033827.wav"
"Contents282","6805.230207040827.wav"
"Contents283","6805.230207043827.wav"
"Contents284","6805.230207050827.wav"
"Contents285","6805.230207053827.wav"
"Contents286","6805.230207060827.wav"
"Contents287","6805.230207063827.wav"
"Contents288","6805.230207070827.wav"
"Contents289","6805.230207073827.wav"
"Contents290","6805.230207080827.wav"
"Contents291","6805.230207083827.wav"
"Contents292","6805.230207090827.wav"
"Contents293","6805.230207093827.wav"
"Contents294","6805.230207100827.wav"
"Contents295","6805.230207103827.wav"
"Contents296","6805.230207110827.wav"
"Contents297","6805.230207113827.wav"
"Contents298","6805.230207120827.wav"
"Contents299","6805.230207123827.wav"
"Contents300","6805.230207130827.wav"
"Contents301","6805.230207133827.wav"
"Contents302","6805.230207140827.wav"
"Contents303","6805.230207143827.wav"
"Contents304","6805.230207150827.wav"
"Contents305","6805.230207153827.wav"
"Contents306","6805.230207160827.wav"
"Contents307","6805.230207163827.wav"
"Contents308","6805.230207170827.wav"
"Contents309","6805.230207173827.wav"
"Contents310","6805.230207180827.wav"
"Contents311","6805.230207183827.wav"
"Contents312","6805.230207190827.wav"
"Contents313","6805.230207193827.wav"
"Contents314","6805.230207200827.wav"
"Contents315","6805.230207203827.wav"
"Contents316","6805.230207210827.wav"
"Contents317","6805.230207213827.wav"
"Contents318","6805.230207220827.wav"
"Contents319","6805.230207223827.wav"
"Contents320","6805.230207230827.wav"
"Contents321","6805.230207233827.wav"
"Contents322","6805.230208000827.wav"
"Contents323","6805.230208003827.wav"
"Contents324","6805.230208010827.wav"
"Contents325","6805.230208013827.wav"
"Contents326","6805.230208020827.wav"
"Contents327","6805.230208023827.wav"
"Contents328","6805.230208030827.wav"
"Contents329","6805.230208033827.wav"
"Contents330","6805.230208040827.wav"
"Contents331","6805.230208043827.wav"
"Contents332","6805.230208050827.wav"
"Contents333","6805.230208053827.wav"
"Contents334","6805.230208060827.wav"
"Contents335","6805.230208063827.wav"
"Contents336","6805.230208070827.wav"
"Contents337","6805.230208073827.wav"
"Contents338","6805.230208080827.wav"
"Contents339","6805.230208083827.wav"
"Contents340","6805.230208090827.wav"
"Contents341","6805.230208093827.wav"
"Contents342","6805.230208100827.wav"
"Contents343","6805.230208103827.wav"
"Contents344","6805.230208110827.wav"
"Contents345","6805.230208113827.wav"
"Contents346","6805.230208120827.wav"
"Contents347","6805.230208123827.wav"
"Contents348","6805.230208130827.wav"
"Contents349","6805.230208133827.wav"
"Contents350","6805.230208140827.wav"
"Contents351","6805.230208143827.wav"
"Contents352","6805.230208150827.wav"
"Contents353","6805.230208153827.wav"
"Contents354","6805.230208160827.wav"
"Contents355","6805.230208163827.wav"
"Contents356","6805.230208170827.wav"
"Contents357","6805.230208173827.wav"
"Contents358","6805.230208180827.wav"
"Contents359","6805.230208183827.wav"
"Contents360","6805.230208190827.wav"
"Contents361","6805.230208193827.wav"
"Contents362","6805.230208200827.wav"
"Contents363","6805.230208203827.wav"
"Contents364","6805.230208210827.wav"
"Contents365","6805.230208213827.wav"
"Contents366","6805.230208220827.wav"
"Contents367","6805.230208223827.wav"
"Contents368","6805.230208230827.wav"
"Contents369","6805.230208233827.wav"
"Contents370","6805.230209000827.wav"
"Contents371","6805.230209003827.wav"
"Contents372","6805.230209010827.wav"
"Contents373","6805.230209013827.wav"
"Contents374","6805.230209020827.wav"
"Contents375","6805.230209023827.wav"
"Contents376","6805.230209030827.wav"
"Contents377","6805.230209033827.wav"
"Contents378","6805.230209040827.wav"
"Contents379","6805.230209043827.wav"
"Contents380","6805.230209050827.wav"
"Contents381","6805.230209053827.wav"
"Contents382","6805.230209060827.wav"
"Contents383","6805.230209063827.wav"
"Contents384","6805.230209070828.wav"
"Contents385","6805.230209073828.wav"
"Contents386","6805.230209080828.wav"
"Contents387","6805.230209083828.wav"
"Contents388","6805.230209090828.wav"
"Contents389","6805.230209093828.wav"
"Contents390","6805.230209100828.wav"
"Contents391","6805.230209103828.wav"
"Contents392","6805.230209110828.wav"
"Contents393","6805.230209113828.wav"
"Contents394","6805.230209120828.wav"
"Contents395","6805.230209123828.wav"
"Contents396","6805.230209130828.wav"
"Contents397","6805.230209133828.wav"
"Contents398","6805.230209140828.wav"
"Contents399","6805.230209143828.wav"
"Contents400","6805.230209150828.wav"
"Contents401","6805.230209153828.wav"
"Contents402","6805.230209160828.wav"
"Contents403","6805.230209163828.wav"
"Contents404","6805.230209170828.wav"
"Contents405","6805.230209173828.wav"
"Contents406","6805.230209180828.wav"
"Contents407","6805.230209183828.wav"
"Contents408","6805.230209190828.wav"
"Contents409","6805.230209193828.wav"
"Contents410","6805.230209200828.wav"
"Contents411","6805.230209203828.wav"
"Contents412","6805.230209210828.wav"
"Contents413","6805.230209213828.wav"
"Contents414","6805.230209220828.wav"
"Contents415","6805.230209223828.wav"
"Contents416","6805.230209230828.wav"
"Contents417","6805.230209233828.wav"
"Contents418","6805.230210000828.wav"
"Contents419","6805.230210003828.wav"
"Contents420","6805.230210010828.wav"
"Contents421","6805.230210013828.wav"
"Contents422","6805.230210020828.wav"
"Contents423","6805.230210023828.wav"
"Contents424","6805.230210030828.wav"
"Contents425","6805.230210033828.wav"
"Contents426","6805.230210040828.wav"
"Contents427","6805.230210043828.wav"
"Contents428","6805.230210050828.wav"
"Contents429","6805.230210053828.wav"
"Contents430","6805.230210060828.wav"
"Contents431","6805.230210063828.wav"
"Contents432","6805.230210070828.wav"
"Contents433","6805.230210073828.wav"
"Contents434","6805.230210080828.wav"
"Contents435","6805.230210083828.wav"
"Contents436","6805.230210090828.wav"
"Contents437","6805.230210093828.wav"
"Contents438","6805.230210100828.wav"
"Contents439","6805.230210103828.wav"
"Contents440","6805.230210110828.wav"
"Contents441","6805.230210113828.wav"
"Contents442","6805.230210120828.wav"
"Contents443","6805.230210123828.wav"
"Contents444","6805.230210130828.wav"
"Contents445","6805.230210133828.wav"
"Contents446","6805.230210140828.wav"
"Contents447","6805.230210143828.wav"
"Contents448","6805.230210150828.wav"
"Contents449","6805.230210153828.wav"
"Contents450","6805.230210160828.wav"
"Contents451","6805.230210163828.wav"
"Contents452","6805.230210170828.wav"
"Contents453","6805.230210173828.wav"
"Contents454","6805.230210180828.wav"
"Contents455","6805.230210183828.wav"
"Contents456","6805.230210190828.wav"
"Contents457","6805.230210193828.wav"
"Contents458","6805.230210200828.wav"
"Contents459","6805.230210203828.wav"
"Contents460","6805.230210210828.wav"
"Contents461","6805.230210213828.wav"
"Contents462","6805.230210220828.wav"
"Contents463","6805.230210223828.wav"
"Contents464","6805.230211000828.wav"
"Contents465","6805.230211003828.wav"
"Contents466","6805.230211010828.wav"
"Contents467","6805.230211013828.wav"
"Contents468","6805.230211020828.wav"
"Contents469","6805.230211023828.wav"
"Contents470","6805.230211030828.wav"
"Contents471","6805.230211033828.wav"
"Contents472","6805.230211040828.wav"
"Contents473","6805.230211043828.wav"
"Contents474","6805.230211050828.wav"
"Contents475","6805.230211053828.wav"
"Contents476","6805.230211060828.wav"
"Contents477","6805.230211063828.wav"
"Contents478","6805.230211070828.wav"
"Contents479","6805.230211073828.wav"
"Contents480","6805.230211080828.wav"
"Contents481","6805.230211083828.wav"
"Contents482","6805.230211090828.wav"
"Contents483","6805.230211093828.wav"
"Contents484","6805.230211100828.wav"
"Contents485","6805.230211103828.wav"
"Contents486","6805.230211110828.wav"
"Contents487","6805.230211113828.wav"
"Contents488","6805.230211120828.wav"
"Contents489","6805.230211123828.wav"
"Contents490","6805.230211130828.wav"
"Contents491","6805.230211133828.wav"
"Contents492","6805.230211140828.wav"
"Contents493","6805.230211143828.wav"
"Contents494","6805.230211150828.wav"
"Contents495","6805.230211153828.wav"
"Contents496","6805.230211160828.wav"
"Contents497","6805.230211163828.wav"
"Contents498","6805.230211170828.wav"
"Contents499","6805.230211173828.wav"
"Contents500","6805.230211180828.wav"
"Contents501","6805.230211183828.wav"
"Contents502","6805.230211190828.wav"
"Contents503","6805.230211193828.wav"
"Contents504","6805.230211200828.wav"
"Contents505","6805.230211203828.wav"
"Contents506","6805.230211210828.wav"
"Contents507","6805.230211213828.wav"
"Contents508","6805.230211220828.wav"
"Contents509","6805.230211223828.wav"
"Contents510","6805.230211230828.wav"
"Contents511","6805.230211233828.wav"
"Contents512","6805.230212000828.wav"
"Contents513","6805.230212003828.wav"
"Contents514","6805.230212010828.wav"
"Contents515","6805.230212013828.wav"
"Contents516","6805.230212020828.wav"
"Contents517","6805.230212023828.wav"
"Contents518","6805.230212030828.wav"
"Contents519","6805.230212033828.wav"
"Contents520","6805.230212040828.wav"
"Contents521","6805.230212043828.wav"
"Contents522","6805.230212050828.wav"
"Contents523","6805.230212053828.wav"
"Contents524","6805.230212060828.wav"
"Contents525","6805.230212063828.wav"
"Contents526","6805.230212070828.wav"
"Contents527","6805.230212073828.wav"
"Contents528","6805.230212080828.wav"
"Contents529","6805.230212083829.wav"
"Contents530","6805.230212090829.wav"
"Contents531","6805.230212093829.wav"
"Contents532","6805.230212100829.wav"
"Contents533","6805.230212103829.wav"
"Contents534","6805.230212110829.wav"
"Contents535","6805.230212113829.wav"
"Contents536","6805.230212120829.wav"
"Contents537","6805.230212123829.wav"
"Contents538","6805.230212130829.wav"
"Contents539","6805.230212133829.wav"
"Contents540","6805.230212140829.wav"
"Contents541","6805.230212143829.wav"
"Contents542","6805.230212150829.wav"
"Contents543","6805.230212153829.wav"
"Contents544","6805.230212160829.wav"
"Contents545","6805.230212163829.wav"
"Contents546","6805.230212170829.wav"
"Contents547","6805.230212173829.wav"
"Contents548","6805.230212180829.wav"
"Contents549","6805.230212183829.wav"
"Contents550","6805.230212190829.wav"
"Contents551","6805.230212193829.wav"
"Contents552","6805.230212200829.wav"
"Contents553","6805.230212203829.wav"
"Contents554","6805.230212210829.wav"
"Contents555","6805.230212213829.wav"
"Contents556","6805.230212220829.wav"
"Contents557","6805.230212223829.wav"
"Contents558","6805.230212230829.wav"
"Contents559","6805.230212233829.wav"
"Contents560","6805.230213000829.wav"
"Contents561","6805.230213003829.wav"
"Contents562","6805.230213010829.wav"
"Contents563","6805.230213013829.wav"
"Contents564","6805.230213020829.wav"
"Contents565","6805.230213023829.wav"
"Contents566","6805.230213030829.wav"
"Contents567","6805.230213033829.wav"
"Contents568","6805.230213040829.wav"
"Contents569","6805.230213043829.wav"
"Contents570","6805.230213050829.wav"
"Contents571","6805.230213053829.wav"
"Contents572","6805.230213060829.wav"
"Contents573","6805.230213063829.wav"
"Contents574","6805.230213070829.wav"
"Contents575","6805.230213073829.wav"
"Contents576","6805.230213080829.wav"
"Contents577","6805.230213083829.wav"
"Contents578","6805.230213090829.wav"
"Contents579","6805.230213093829.wav"
"Contents580","6805.230213100829.wav"
"Contents581","6805.230213103829.wav"
"Contents582","6805.230213110829.wav"
"Contents583","6805.230213113829.wav"
"Contents584","6805.230213120829.wav"
"Contents585","6805.230213123829.wav"
"Contents586","6805.230213130829.wav"
"Contents587","6805.230213133829.wav"
"Contents588","6805.230213140829.wav"
"Contents589","6805.230213143829.wav"
"Contents590","6805.230213150829.wav"
"Contents591","6805.230213153829.wav"
"Contents592","6805.230213160829.wav"
"Contents593","6805.230213163829.wav"
"Contents594","6805.230213170829.wav"
"Contents595","6805.230213173829.wav"
"Contents596","6805.230213180829.wav"
"Contents597","6805.230213183829.wav"
"Contents598","6805.230213190829.wav"
"Contents599","6805.230213193829.wav"
"Contents600","6805.230213200829.wav"
"Contents601","6805.230213203829.wav"
"Contents602","6805.230213210829.wav"
"Contents603","6805.230213213829.wav"
"Contents604","6805.230213220829.wav"
"Contents605","6805.230213223829.wav"
"Contents606","6805.230213230829.wav"
"Contents607","6805.230213233829.wav"
"Contents608","6805.230214000829.wav"
"Contents609","6805.230214003829.wav"
"Contents610","6805.230214010829.wav"
"Contents611","6805.230214013829.wav"
"Contents612","6805.230214020829.wav"
"Contents613","6805.230214023829.wav"
"Contents614","6805.230214030829.wav"
"Contents615","6805.230214033829.wav"
"Contents616","6805.230214040829.wav"
"Contents617","6805.230214043829.wav"
"Contents618","6805.230214050829.wav"
"Contents619","6805.230214053829.wav"
"Contents620","6805.230214060829.wav"
"Contents621","6805.230214063829.wav"
"Contents622","6805.230214070829.wav"
"Contents623","6805.230214073829.wav"
"Contents624","6805.230214080829.wav"
"Contents625","6805.230214083829.wav"
"Contents626","6805.230214090829.wav"
"Contents627","6805.230214093829.wav"
"Contents628","6805.230214100829.wav"
"Contents629","6805.230214103829.wav"
"Contents630","6805.230214110829.wav"
"Contents631","6805.230214113829.wav"
"Contents632","6805.230214120829.wav"
"Contents633","6805.230214123829.wav"
"Contents634","6805.230214130829.wav"
"Contents635","6805.230214133829.wav"
"Contents636","6805.230214140829.wav"
"Contents637","6805.230214143829.wav"
"Contents638","6805.230214150829.wav"
"Contents639","6805.230214153829.wav"
"Contents640","6805.230214160829.wav"
"Contents641","6805.230214163829.wav"
"Contents642","6805.230214170829.wav"
"Contents643","6805.230214173829.wav"
"Contents644","6805.230214180829.wav"
"Contents645","6805.230214183829.wav"
"Contents646","6805.230214190829.wav"
"Contents647","6805.230214193829.wav"
"Contents648","6805.230214200829.wav"
"Contents649","6805.230214203829.wav"
"Contents650","6805.230214210829.wav"
"Contents651","6805.230214213829.wav"
"Contents652","6805.230214220829.wav"
"Contents653","6805.230214223829.wav"
"Contents654","6805.230214230829.wav"
"Contents655","6805.230214233829.wav"
"Contents656","6805.230215000829.wav"
"Contents657","6805.230215003829.wav"
"Contents658","6805.230215010829.wav"
"Contents659","6805.230215013829.wav"
"Contents660","6805.230215020829.wav"
"Contents661","6805.230215023829.wav"
"Contents662","6805.230215030829.wav"
"Contents663","6805.230215033829.wav"
"Contents664","6805.230215040829.wav"
"Contents665","6805.230215043829.wav"
"Contents666","6805.230215050829.wav"
"Contents667","6805.230215053829.wav"
"Contents668","6805.230215060829.wav"
"Contents669","6805.230215063829.wav"
"Contents670","6805.230215070829.wav"
"Contents671","6805.230215073829.wav"
"Contents672","6805.230215080829.wav"
"Contents673","6805.230215083829.wav"
"Contents674","6805.230215090829.wav"
"Contents675","6805.230215093830.wav"
"Contents676","6805.230215100830.wav"
"Contents677","6805.230215103830.wav"
"Contents678","6805.230215110830.wav"
"Contents679","6805.230215113830.wav"
"Contents680","6805.230215120830.wav"
"Contents681","6805.230215123830.wav"
"Contents682","6805.230215130830.wav"
"Contents683","6805.230215133830.wav"
"Contents684","6805.230215140830.wav"
"Contents685","6805.230215143830.wav"
"Contents686","6805.230215150830.wav"
"Contents687","6805.230215153830.wav"
"Contents688","6805.230215160830.wav"
"Contents689","6805.230215163830.wav"
"Contents690","6805.230215170830.wav"
"Contents691","6805.230215173830.wav"
"Contents692","6805.230215180830.wav"
"Contents693","6805.230215183830.wav"
"Contents694","6805.230215190830.wav"
"Contents695","6805.230215193830.wav"
"Contents696","6805.230215200830.wav"
"Contents697","6805.230215203830.wav"
"Contents698","6805.230215210830.wav"
"Contents699","6805.230215213830.wav"
"Contents700","6805.230215220830.wav"
"Contents701","6805.230215223830.wav"
"Contents702","6805.230215230830.wav"
"Contents703","6805.230215233830.wav"
"Contents704","6805.230216000830.wav"
"Contents705","6805.230216003830.wav"
"Contents706","6805.230216010830.wav"
